"KEGGID","Statistic"
"C17601",0.236864877705195
"C02648",0.236864877705195
"C06144",0.236864877705195
"C17602",0.236864877705195
"C02659",0.0338327702918134
"C01746",0.231917765420255
"C00741",0.0376566752515878
"C19443",0.0376566752515878
"C16267",0.0376566752515878
"C16835",0.0376566752515878
"C02497",0.0376566752515878
"C01771",0.0376566752515878
"C19201",0.0376566752515878
"C19309",0.0376566752515878
"C01770",0.0376566752515878
"C19201",0.852021352457563
"C19309",0.852021352457563
"C01771",0.852021352457563
"C16267",0.852021352457563
"C02497",0.852021352457563
"C16835",0.852021352457563
"C00741",0.852021352457563
"C19443",0.852021352457563
"C01770",0.852021352457563
"C19282",0.145784221613924
"C02218",0.962191389562363
"C06695",0.962191389562363
"C20253",0.962191389562363
"C20315",0.321107675763882
"C19332",0.321107675763882
"C14452",0.321107675763882
"C03219",0.321107675763882
"C20339",0.321107675763882
"C00555",0.321107675763882
"C02640",0.431506958144968
"C02640",0.961604634045782
"C00466",0.589607786740754
"C00246",0.589607786740754
"C00810",0.589607786740754
"C02632",0.589607786740754
"C01769",0.589607786740754
"C14440",0.589607786740754
"C00849",0.589607786740754
"C14440",0.483685008814465
"C00810",0.483685008814465
"C01769",0.483685008814465
"C00849",0.483685008814465
"C00246",0.483685008814465
"C00466",0.483685008814465
"C02632",0.483685008814465
"C16364",0.50559772255093
"C19779",0.50559772255093
"C19281",0.50559772255093
"C19281",0.20894797167942
"C19779",0.20894797167942
"C16364",0.20894797167942
"C19227",0.285959225822437
"C00134",0.285959225822437
"C00134",0.227317578207695
"C19227",0.227317578207695
"C11488",0.000789102131863576
"C01537",0.000789102131863576
"C00213",0.000789102131863576
"C00099",0.000789102131863576
"C01401",0.000789102131863576
"C02116",0.000789102131863576
"C00133",0.000789102131863576
"C00041",0.000789102131863576
"C01455",0.173686757677751
"C00292",0.467192797887389
"C14447",0.467192797887389
"C15584",0.882981169181174
"C01782",0.882981169181174
"C00146",0.882981169181174
"C02502",0.434851652925055
"C07090",0.408788252473548
"C14279",0.408788252473548
"C02395",0.932060671786363
"C19249",0.932060671786363
"C02395",0.666144921917241
"C19249",0.666144921917241
"C12554",0.651164735526808
"C20578",0.995451056790584
"C20441",0.995451056790584
"C20578",0.982882163688038
"C20441",0.982882163688038
"C00414",0.585329474561893
"C08497",0.585329474561893
"C16310",0.585329474561893
"C16310",0.967441922524821
"C08497",0.967441922524821
"C00414",0.967441922524821
"C07273",0.121043127019656
"C11103",0.121043127019656
"C11118",0.347953642391202
"C18796",0.347953642391202
"C00571",0.638035217824044
"C08267",0.936075158203651
"C19777",0.936075158203651
"C07509",0.936075158203651
"C17234",0.936075158203651
"C01234",0.936075158203651
"C19456",0.936075158203651
"C11106",0.936075158203651
"C02926",0.936075158203651
"C11106",0.966758065293111
"C19777",0.966758065293111
"C07509",0.966758065293111
"C19456",0.966758065293111
"C02926",0.966758065293111
"C08267",0.966758065293111
"C01234",0.966758065293111
"C17234",0.966758065293111
"C08306",0.929322346822128
"C14691",0.929322346822128
"C00109",0.225456074852564
"C00164",0.225456074852564
"C00232",0.225456074852564
"C00349",0.225456074852564
"C06002",0.225456074852564
"C06002",0.225456074852564
"C00349",0.225456074852564
"C00232",0.225456074852564
"C00164",0.225456074852564
"C00109",0.225456074852564
"C00109",0.216612894130614
"C00164",0.216612894130614
"C00232",0.216612894130614
"C00349",0.216612894130614
"C06002",0.216612894130614
"C06002",0.216612894130614
"C00349",0.216612894130614
"C00232",0.216612894130614
"C00164",0.216612894130614
"C00109",0.216612894130614
"C06682",0.765602172514796
"C02718",0.765602172514796
"C08057",0.765602172514796
"C02723",0.863246256722815
"C01672",0.863246256722815
"C11109",0.48009231124535
"C19514",0.48009231124535
"C02261",0.48009231124535
"C02356",0.48009231124535
"C01205",0.48009231124535
"C11735",0.48009231124535
"C03665",0.48009231124535
"C00334",0.48009231124535
"C02721",0.48009231124535
"C03284",0.48009231124535
"C05145",0.48009231124535
"C01026",0.48009231124535
"C07083",0.434525649933776
"C07083",0.61525441517579
"C00716",0.222089101987833
"C00065",0.222089101987833
"C00740",0.222089101987833
"C03354",0.116893783861045
"C03354",0.93848519593955
"C06772",0.282850692831657
"C11260",0.282850692831657
"C00193",0.149906138510454
"C00261",0.149906138510454
"C14689",0.816626163993378
"C14689",0.820117943002379
"C07208",0.381762473818078
"C07212",0.381762473818078
"C19551",0.381762473818078
"C07111",0.381762473818078
"C06756",0.381762473818078
"C07208",0.406582271110633
"C06756",0.406582271110633
"C19551",0.406582271110633
"C07212",0.406582271110633
"C07111",0.406582271110633
"C17500",0.995032566119134
"C07327",0.995032566119134
"C06876",0.995032566119134
"C06876",0.562253806736531
"C17500",0.562253806736531
"C07327",0.562253806736531
"C15562",0.909201457888513
"C02299",0.909201457888513
"C14403",0.909201457888513
"C03485",0.194451384850377
"C01542",0.194451384850377
"C01468",0.194451384850377
"C01403",0.194451384850377
"C00556",0.194451384850377
"C01467",0.194451384850377
"C19499",0.713845990470238
"C14402",0.713845990470238
"C02454",0.713845990470238
"C02304",0.713845990470238
"C17926",0.713845990470238
"C19310",0.441034438970216
"C19310",0.360301405914959
"C00519",0.533491316132643
"C05058",0.391299647908727
"C02720",0.391299647908727
"C02372",0.391299647908727
"C01987",0.391299647908727
"C05058",0.584529424556888
"C02720",0.584529424556888
"C01987",0.584529424556888
"C02372",0.584529424556888
"C10133",0.43703654568932
"C00090",0.228201759023595
"C01751",0.228201759023595
"C11115",0.228201759023595
"C15571",0.228201759023595
"C01751",0.228201759023595
"C00530",0.228201759023595
"C15571",0.228201759023595
"C00090",0.228201759023595
"C01785",0.228201759023595
"C00530",0.228201759023595
"C11115",0.228201759023595
"C01785",0.228201759023595
"C00090",0.917405733944009
"C01751",0.917405733944009
"C11115",0.917405733944009
"C15571",0.917405733944009
"C01751",0.917405733944009
"C00530",0.917405733944009
"C15571",0.917405733944009
"C00090",0.917405733944009
"C01785",0.917405733944009
"C00530",0.917405733944009
"C11115",0.917405733944009
"C01785",0.917405733944009
"C05130",0.714019569285758
"C02560",0.714019569285758
"C02560",0.422464260450777
"C05130",0.422464260450777
"C03056",0.60214227336682
"C02932",0.60214227336682
"C03927",0.60214227336682
"C05942",0.60214227336682
"C01059",0.60214227336682
"C00380",0.950796346369245
"C19548",0.737612120560691
"C19548",0.792993195542453
"C00388",0.493380115342888
"C00388",0.300011956634505
"C14859",0.662692137756513
"C14858",0.662692137756513
"C14857",0.662692137756513
"C01546",0.384498201219904
"C01546",0.629083875729629
"C18474",0.436712155677561
"C00106",0.436712155677561
"C08502",0.949314624075869
"C04221",0.949314624075869
"C06105",0.949314624075869
"C08063",0.949314624075869
"C01066",0.949314624075869
"C04091",0.949314624075869
"C03564",0.63574868018613
"C04322",0.63574868018613
"C07275",0.63574868018613
"C03912",0.63574868018613
"C06593",0.476784875576174
"C07091",0.0523337851977208
"C00596",0.0523337851977208
"C02777",0.162570024184591
"C00429",0.162570024184591
"C08311",0.162570024184591
"C02512",0.162570024184591
"C02565",0.162570024184591
"C08311",0.0661528258406823
"C00429",0.0661528258406823
"C02565",0.0661528258406823
"C02777",0.0661528258406823
"C02512",0.0661528258406823
"C03228",0.467354475570497
"C01880",0.467354475570497
"C01147",0.467354475570497
"C19781",0.803447916542997
"C19284",0.803447916542997
"C01596",0.0490186830896632
"C16435",0.0137346915463377
"C00763",0.0137346915463377
"C18170",0.0137346915463377
"C00148",0.0137346915463377
"C02233",0.136880008341232
"C00141",0.136880008341232
"C03273",0.136880008341232
"C06255",0.136880008341232
"C19283",0.945843138421722
"C16622",0.945843138421722
"C19484",0.945843138421722
"C12304",0.571573544452806
"C12313",0.571573544452806
"C01585",0.571573544452806
"C12293",0.571573544452806
"C02948",0.571573544452806
"C03739",0.571573544452806
"C00990",0.226963524696275
"C00441",0.883457129453838
"C03508",0.883457129453838
"C03214",0.883457129453838
"C20250",0.883457129453838
"C01826",0.576976450544167
"C16436",0.576976450544167
"C00183",0.576976450544167
"C15987",0.576976450544167
"C03571",0.576976450544167
"C00431",0.576976450544167
"C01799",0.576976450544167
"C00719",0.576976450544167
"C06417",0.576976450544167
"C07457",0.576976450544167
"C14512",0.315866862248646
"C03678",0.336020467930163
"C00263",0.336020467930163
"C12317",0.336020467930163
"C11108",0.336020467930163
"C00188",0.336020467930163
"C00820",0.336020467930163
"C05519",0.336020467930163
"C02115",0.336020467930163
"C06758",0.756262698573467
"C02083",0.756262698573467
"C20782",0.756262698573467
"C05627",0.756262698573467
"C07113",0.756262698573467
"C00601",0.756262698573467
"C07209",0.756262698573467
"C07214",0.756262698573467
"C14508",0.56352715884222
"C14396",0.56352715884222
"C14522",0.56352715884222
"C14518",0.56352715884222
"C14533",0.56352715884222
"C14572",0.56352715884222
"C00097",0.0498807959244555
"C00736",0.0498807959244555
"C00793",0.0498807959244555
"C09815",0.241814663654054
"C09815",0.527800732617014
"C07182",0.325523804339048
"C00180",0.609718132502262
"C00633",0.609718132502262
"C03067",0.609718132502262
"C15474",0.609718132502262
"C00539",0.609718132502262
"C06202",0.609718132502262
"C03067",0.43938350381525
"C00633",0.43938350381525
"C06202",0.43938350381525
"C00180",0.43938350381525
"C15474",0.43938350381525
"C00539",0.43938350381525
"C01950",0.445710912568374
"C02421",0.445710912568374
"C00153",0.445710912568374
"C00503",0.917436242500031
"C16884",0.917436242500031
"C11348",0.66904570120105
"C07216",0.66904570120105
"C14582",0.66904570120105
"C14386",0.66904570120105
"C05853",0.66904570120105
"C13637",0.66904570120105
"C14385",0.66904570120105
"C07213",0.66904570120105
"C06757",0.66904570120105
"C07112",0.66904570120105
"C07216",0.324165553426616
"C06757",0.324165553426616
"C14582",0.324165553426616
"C05853",0.324165553426616
"C07112",0.324165553426616
"C07213",0.324165553426616
"C14386",0.324165553426616
"C11348",0.324165553426616
"C13637",0.324165553426616
"C14385",0.324165553426616
"C07213",0.293184362229394
"C14386",0.293184362229394
"C07112",0.293184362229394
"C11348",0.293184362229394
"C05853",0.293184362229394
"C14582",0.293184362229394
"C06757",0.293184362229394
"C18585",0.293184362229394
"C13637",0.293184362229394
"C07216",0.293184362229394
"C14385",0.293184362229394
"C14401",0.365311143167774
"C19386",0.365311143167774
"C14401",0.88763107963961
"C19386",0.88763107963961
"C10164",0.061637475133793
"C06813",0.061637475133793
"C00253",0.061637475133793
"C07446",0.061637475133793
"C19326",0.571067504932666
"C19191",0.571067504932666
"C03167",0.171973659455987
"C15572",0.485000509758533
"C02923",0.485000509758533
"C03351",0.485000509758533
"C01502",0.485000509758533
"C17467",0.485000509758533
"C06730",0.485000509758533
"C00727",0.485000509758533
"C02323",0.485000509758533
"C03007",0.880352471885749
"C05827",0.880352471885749
"C00245",0.692125249607709
"C16671",0.722611259833847
"C14602",0.722611259833847
"C02854",0.722611259833847
"C18351",0.722611259833847
"C02441",0.722611259833847
"C14604",0.722611259833847
"C05127",0.780794885376841
"C17929",0.780794885376841
"C17928",0.780794885376841
"C20718",0.10122255856871
"C02752",0.10122255856871
"C02183",0.10122255856871
"C01108",0.10122255856871
"C11918",0.10122255856871
"C02814",0.10122255856871
"C11101",0.10122255856871
"C02835",0.973171397461346
"C00178",0.973171397461346
"C08737",0.389591726255326
"C04592",0.574190437276213
"C12101",0.574190437276213
"C12101",0.395178511496158
"C04592",0.395178511496158
"C07287",0.225500550579135
"C07287",0.659501620427848
"C14450",0.85840571617194
"C16621",0.382922944511419
"C05516",0.382922944511419
"C16621",0.76319831288967
"C05516",0.76319831288967
"C08268",0.496752190535117
"C08292",0.496752190535117
"C00450",0.496752190535117
"C04092",0.496752190535117
"C13694",0.496752190535117
"C10149",0.496752190535117
"C13694",0.728945267391071
"C08292",0.728945267391071
"C08268",0.728945267391071
"C00450",0.728945267391071
"C04092",0.728945267391071
"C10149",0.728945267391071
"C11519",0.201541339808687
"C11519",0.882460921876214
"C11149",0.497463836138337
"C00906",0.308341710420125
"C05717",0.308341710420125
"C05715",0.308341710420125
"C13714",0.539973796072299
"C11950",0.539973796072299
"C13717",0.539973796072299
"C10921",0.539973796072299
"C10976",0.539973796072299
"C09822",0.539973796072299
"C08487",0.539973796072299
"C05328",0.728669978598409
"C02837",0.728669978598409
"C19809",0.728669978598409
"C17145",0.672533506702678
"C14272",0.672533506702678
"C07288",0.672533506702678
"C01545",0.672533506702678
"C04282",0.768649962392384
"C01879",0.768649962392384
"C04281",0.768649962392384
"C01877",0.768649962392384
"C02237",0.768649962392384
"C00408",0.876175309915548
"C07500",0.876175309915548
"C13696",0.876175309915548
"C03969",0.876175309915548
"C05936",0.876175309915548
"C02722",0.378983537296827
"C02722",0.476172829464149
"C01740",0.652174821146281
"C14860",0.875088095863479
"C02714",0.589515055171806
"C19279",0.589515055171806
"C01157",0.829027570919438
"C01165",0.829027570919438
"C01015",0.829027570919438
"C01073",0.829027570919438
"C03651",0.829027570919438
"C05147",0.829027570919438
"C00430",0.829027570919438
"C03440",0.829027570919438
"C01110",0.829027570919438
"C03741",0.829027570919438
"C19706",0.829027570919438
"C03341",0.829027570919438
"C00300",0.886167615557602
"C03065",0.886167615557602
"C08313",0.691864872140752
"C02596",0.691864872140752
"C11074",0.251987943433284
"C01504",0.592142997735559
"C00903",0.592142997735559
"C07727",0.592142997735559
"C16592",0.592142997735559
"C00515",0.610568128045116
"C01602",0.610568128045116
"C00077",0.610568128045116
"C03943",0.610568128045116
"C14114",0.311062133356511
"C14411",0.311062133356511
"C14114",0.916932258661435
"C14411",0.916932258661435
"C14114",0.457009823175216
"C14411",0.457009823175216
"C00049",0.415111329638471
"C19911",0.415111329638471
"C00402",0.415111329638471
"C16433",0.415111329638471
"C02040",0.181564015038961
"C03766",0.181564015038961
"C05658",0.181564015038961
"C02615",0.181564015038961
"C00561",0.181564015038961
"C12312",0.181564015038961
"C17241",0.712692879691005
"C20313",0.12487923493599
"C01710",0.868378757390262
"C15512",0.868378757390262
"C16930",0.868378757390262
"C20464",0.868378757390262
"C02394",0.868378757390262
"C20334",0.621709197665396
"C00147",0.841532475214812
"C16075",0.630331485985556
"C02505",0.630331485985556
"C19714",0.630331485985556
"C07565",0.630331485985556
"C15561",0.630331485985556
"C00262",0.95184796689123
"C07189",0.750993703256078
"C07086",0.750993703256078
"C20645",0.750993703256078
"C05613",0.750993703256078
"C10761",0.750993703256078
"C03765",0.750993703256078
"C10700",0.750993703256078
"C01454",0.750993703256078
"C15583",0.750993703256078
"C07211",0.750993703256078
"C14087",0.750993703256078
"C07085",0.750993703256078
"C00548",0.750993703256078
"C06224",0.750993703256078
"C07215",0.750993703256078
"C07086",0.264858789835935
"C05613",0.264858789835935
"C15583",0.264858789835935
"C10700",0.264858789835935
"C20645",0.264858789835935
"C06224",0.264858789835935
"C07189",0.264858789835935
"C07215",0.264858789835935
"C00548",0.264858789835935
"C07085",0.264858789835935
"C10761",0.264858789835935
"C03765",0.264858789835935
"C01454",0.264858789835935
"C07211",0.264858789835935
"C14087",0.264858789835935
"C10700",0.573430127654447
"C05613",0.573430127654447
"C07086",0.573430127654447
"C07189",0.573430127654447
"C07215",0.573430127654447
"C03765",0.573430127654447
"C00548",0.573430127654447
"C20645",0.573430127654447
"C06224",0.573430127654447
"C14087",0.573430127654447
"C01454",0.573430127654447
"C07085",0.573430127654447
"C07211",0.573430127654447
"C10761",0.573430127654447
"C15583",0.573430127654447
"C14311",0.517582642100465
"C14311",0.477882113013517
"C14311",0.859204622717294
"C04203",0.417471209763781
"C07430",0.417471209763781
"C19597",0.422911628892111
"C01004",0.422911628892111
"C00568",0.422911628892111
"C19486",0.422911628892111
"C00108",0.422911628892111
"C14394",0.422911628892111
"C00108",0.5615114523116
"C14394",0.5615114523116
"C01004",0.5615114523116
"C19597",0.5615114523116
"C00568",0.5615114523116
"C19486",0.5615114523116
"C07054",0.631314815245965
"C18396",0.792099448920891
"C00483",0.792099448920891
"C16570",0.792099448920891
"C01183",0.792099448920891
"C19216",0.792099448920891
"C02735",0.792099448920891
"C03473",0.792099448920891
"C19376",0.792099448920891
"C06454",0.903728641985204
"C18316",0.251881245493502
"C05585",0.251881245493502
"C00156",0.251881245493502
"C10832",0.251881245493502
"C00805",0.251881245493502
"C16700",0.251881245493502
"C00587",0.251881245493502
"C16700",0.740401054769883
"C00156",0.740401054769883
"C18316",0.740401054769883
"C00587",0.740401054769883
"C10832",0.740401054769883
"C05585",0.740401054769883
"C00805",0.740401054769883
"C19345",0.656566084724521
"C02126",0.656566084724521
"C00785",0.656566084724521
"C19345",0.232146373079576
"C00785",0.232146373079576
"C02126",0.232146373079576
"C07084",0.852052545034196
"C20694",0.852052545034196
"C03352",0.852052545034196
"C06728",0.852052545034196
"C06044",0.852052545034196
"C11480",0.852052545034196
"C13638",0.852052545034196
"C13692",0.942432103488679
"C20267",0.942432103488679
"C08499",0.89958197854658
"C14743",0.89958197854658
"C16323",0.89958197854658
"C14743",0.89958197854658
"C08499",0.89958197854658
"C16323",0.89958197854658
"C08499",0.141492635305586
"C14743",0.141492635305586
"C16323",0.141492635305586
"C14743",0.141492635305586
"C08499",0.141492635305586
"C16323",0.141492635305586
"C03349",0.0412359348876749
"C16697",0.499503718289954
"C10400",0.499503718289954
"C00783",0.499503718289954
"C05682",0.339551604357311
"C00227",0.339551604357311
"C05828",0.858050961129318
"C13693",0.858050961129318
"C20522",0.858050961129318
"C18011",0.745403806450502
"C16656",0.745403806450502
"C19311",0.745403806450502
"C06727",0.745403806450502
"C18667",0.674543200786784
"C16552",0.580265361440027
"C05678",0.940454420536278
"C00346",0.940454420536278
"C09960",0.446980016785751
"C04226",0.446980016785751
"C03824",0.446980016785751
"C16821",0.358061831802869
"C07505",0.358061831802869
"C08287",0.358061831802869
"C10128",0.358061831802869
"C00860",0.029814858621645
"C00860",0.676212354412395
"C11359",0.0084267029760791
"C00729",0.0084267029760791
"C10864",0.0084267029760791
"C02066",0.0084267029760791
"C06182",0.0084267029760791
"C12440",0.0084267029760791
"C06179",0.0084267029760791
"C00729",0.937966835967547
"C10864",0.937966835967547
"C06182",0.937966835967547
"C06179",0.937966835967547
"C12440",0.937966835967547
"C02066",0.937966835967547
"C11359",0.937966835967547
"C03576",0.274285617608212
"C03647",0.884077937959062
"C03743",0.884077937959062
"C14516",0.884077937959062
"C20448",0.884077937959062
"C00682",0.884077937959062
"C02480",0.884077937959062
"C04105",0.884077937959062
"C06603",0.884077937959062
"C03586",0.884077937959062
"C14610",0.884077937959062
"C03647",0.331628746005516
"C03743",0.331628746005516
"C20448",0.331628746005516
"C03586",0.331628746005516
"C06603",0.331628746005516
"C00682",0.331628746005516
"C02480",0.331628746005516
"C04105",0.331628746005516
"C14610",0.331628746005516
"C14516",0.331628746005516
"C03767",0.0129232636668959
"C06231",0.651859641644484
"C16653",0.75165003291286
"C16648",0.75165003291286
"C19318",0.75165003291286
"C19757",0.75165003291286
"C16654",0.75165003291286
"C12104",0.75165003291286
"C12297",0.75165003291286
"C04294",0.405803114951661
"C13738",0.929247613033442
"C17357",0.469814024715915
"C02227",0.802595829074159
"C14790",0.802595829074159
"C10172",0.348081041440895
"C04114",0.348081041440895
"C10168",0.116049920173414
"C19983",0.116049920173414
"C10152",0.116049920173414
"C10168",0.161606854439921
"C19983",0.161606854439921
"C10152",0.161606854439921
"C18399",0.552472509606463
"C19822",0.36444244738785
"C19826",0.36444244738785
"C02295",0.36444244738785
"C19821",0.36444244738785
"C01757",0.36444244738785
"C00922",0.36444244738785
"C02930",0.36444244738785
"C13720",0.119000796611759
"C16837",0.756790611652069
"C16837",0.903621107508219
"C07185",0.212989982106163
"C06423",0.212989982106163
"C04445",0.395319822690279
"C08493",0.436541887032372
"C06343",0.436541887032372
"C06415",0.436541887032372
"C19434",0.436541887032372
"C06324",0.436541887032372
"C06338",0.436541887032372
"C02796",0.436541887032372
"C04076",0.489802179365549
"C05825",0.489802179365549
"C02946",0.489802179365549
"C03239",0.489802179365549
"C03656",0.489802179365549
"C05851",0.102216475169426
"C16673",0.671073986537766
"C00303",0.671073986537766
"C00819",0.671073986537766
"C05100",0.671073986537766
"C00064",0.671073986537766
"C03114",0.279468767125229
"C10160",0.279468767125229
"C00047",0.84034945663472
"C05161",0.84034945663472
"C16440",0.84034945663472
"C01186",0.84034945663472
"C20277",0.84034945663472
"C01142",0.84034945663472
"C00739",0.84034945663472
"C05579",0.663281435813697
"C11129",0.663281435813697
"C03901",0.433881376304687
"C00979",0.674207058495715
"C05941",0.674207058495715
"C03618",0.674207058495715
"C00302",0.674207058495715
"C12269",0.674207058495715
"C03790",0.674207058495715
"C05938",0.674207058495715
"C00217",0.674207058495715
"C00025",0.674207058495715
"C05574",0.674207058495715
"C08264",0.290263372837456
"C10144",0.627713237315181
"C20310",0.627713237315181
"C17268",0.131884379402648
"C05608",0.131884379402648
"C02274",0.131884379402648
"C07720",0.131884379402648
"C10438",0.131884379402648
"C07728",0.131884379402648
"C00423",0.131884379402648
"C01733",0.525777156608203
"C00073",0.525777156608203
"C00855",0.525777156608203
"C07418",0.525777156608203
"C20314",0.304252126841743
"C08301",0.111362119988721
"C17236",0.111362119988721
"C17236",0.777505225513332
"C08301",0.777505225513332
"C17236",0.650413306163604
"C08301",0.650413306163604
"C06771",0.540661379089712
"C06771",0.18446617613837
"C07164",0.89986487096909
"C07438",0.89986487096909
"C11001",0.89986487096909
"C02137",0.609799424415548
"C03057",0.609799424415548
"C10812",0.609799424415548
"C03057",0.925754939331327
"C02137",0.925754939331327
"C10812",0.925754939331327
"C10812",0.04198449177227
"C02137",0.04198449177227
"C03057",0.04198449177227
"C01963",0.465509930786225
"C17883",0.465509930786225
"C19291",0.465509930786225
"C02646",0.465509930786225
"C16706",0.465509930786225
"C13342",0.465509930786225
"C05629",0.465509930786225
"C20697",0.465509930786225
"C15513",0.465509930786225
"C17512",0.927606249030918
"C19680",0.927606249030918
"C17512",0.0761513675005054
"C19680",0.0761513675005054
"C14188",0.640807102050567
"C11939",0.640807102050567
"C16955",0.640807102050567
"C06576",0.640807102050567
"C01767",0.640807102050567
"C11383",0.640807102050567
"C14741",0.640807102050567
"C09868",0.640807102050567
"C14139",0.640807102050567
"C09884",0.640807102050567
"C01868",0.640807102050567
"C18025",0.640807102050567
"C02485",0.640807102050567
"C11394",0.640807102050567
"C01951",0.640807102050567
"C14200",0.640807102050567
"C02576",0.640807102050567
"C14138",0.640807102050567
"C09843",0.640807102050567
"C09911",0.640807102050567
"C02289",0.640807102050567
"C09840",0.640807102050567
"C14464",0.640807102050567
"C17062",0.640807102050567
"C14130",0.640807102050567
"C09913",0.640807102050567
"C09908",0.640807102050567
"C11939",0.637379674647204
"C02576",0.637379674647204
"C09913",0.637379674647204
"C01951",0.637379674647204
"C14188",0.637379674647204
"C09908",0.637379674647204
"C02289",0.637379674647204
"C14139",0.637379674647204
"C14138",0.637379674647204
"C09843",0.637379674647204
"C14464",0.637379674647204
"C01767",0.637379674647204
"C16955",0.637379674647204
"C14741",0.637379674647204
"C18025",0.637379674647204
"C14130",0.637379674647204
"C01868",0.637379674647204
"C11383",0.637379674647204
"C02485",0.637379674647204
"C14200",0.637379674647204
"C11394",0.637379674647204
"C06576",0.637379674647204
"C09911",0.637379674647204
"C09868",0.637379674647204
"C09884",0.637379674647204
"C17062",0.637379674647204
"C09840",0.637379674647204
"C04350",0.205197991325929
"C18623",0.205197991325929
"C17756",0.205197991325929
"C03522",0.205197991325929
"C16571",0.205197991325929
"C20634",0.205197991325929
"C06804",0.205197991325929
"C04353",0.205197991325929
"C17755",0.205197991325929
"C03005",0.205197991325929
"C07301",0.205197991325929
"C02709",0.205197991325929
"C19498",0.490497289497296
"C11776",0.920436878649252
"C02442",0.920436878649252
"C16719",0.920436878649252
"C02343",0.920436878649252
"C10158",0.920436878649252
"C07911",0.920436878649252
"C08300",0.920436878649252
"C03711",0.920436878649252
"C06368",0.633122188474813
"C04043",0.275325451125495
"C01984",0.275325451125495
"C00755",0.275325451125495
"C02519",0.275325451125495
"C13635",0.275325451125495
"C05593",0.275325451125495
"C10675",0.275325451125495
"C00642",0.275325451125495
"C17900",0.275325451125495
"C12305",0.275325451125495
"C02657",0.275325451125495
"C14108",0.275325451125495
"C12064",0.275325451125495
"C01983",0.275325451125495
"C14088",0.275325451125495
"C02181",0.275325451125495
"C03663",0.275325451125495
"C13636",0.275325451125495
"C02639",0.275325451125495
"C14103",0.275325451125495
"C10804",0.275325451125495
"C05852",0.275325451125495
"C18320",0.58886314640551
"C05842",0.58886314640551
"C16398",0.58886314640551
"C05843",0.58886314640551
"C01014",0.928551895975036
"C19681",0.504807262082888
"C11412",0.000829190016389307
"C00964",0.000829190016389307
"C11395",0.000829190016389307
"C11398",0.000829190016389307
"C17623",0.000829190016389307
"C18369",0.000829190016389307
"C02759",0.000829190016389307
"C01123",0.000829190016389307
"C11409",0.000829190016389307
"C02213",0.000829190016389307
"C11415",0.000829190016389307
"C18018",0.000829190016389307
"C19081",0.000829190016389307
"C11408",0.000829190016389307
"C00808",0.000829190016389307
"C20260",0.000829190016389307
"C07271",0.000829190016389307
"C11401",0.000829190016389307
"C02452",0.000829190016389307
"C11951",0.000829190016389307
"C04435",0.000829190016389307
"C11387",0.000829190016389307
"C09893",0.000829190016389307
"C00809",0.000829190016389307
"C11942",0.000829190016389307
"C09906",0.000829190016389307
"C11938",0.000829190016389307
"C20425",0.000829190016389307
"C01499",0.000829190016389307
"C09885",0.000829190016389307
"C09859",0.000829190016389307
"C11941",0.000829190016389307
"C09847",0.000829190016389307
"C00632",0.996928500590445
"C11343",0.996928500590445
"C12107",0.996928500590445
"C07555",0.996928500590445
"C12115",0.996928500590445
"C01270",0.996928500590445
"C16235",0.996928500590445
"C19270",0.996928500590445
"C02518",0.996928500590445
"C06669",0.996928500590445
"C07555",0.323239190118284
"C01270",0.323239190118284
"C02518",0.323239190118284
"C11343",0.323239190118284
"C06669",0.323239190118284
"C16235",0.323239190118284
"C19270",0.323239190118284
"C00632",0.323239190118284
"C12115",0.323239190118284
"C12107",0.323239190118284
"C04227",0.791799365373157
"C16666",0.791799365373157
"C03758",0.791799365373157
"C03758",0.593904239101043
"C04227",0.593904239101043
"C16666",0.593904239101043
"C16399",0.477949244354087
"C05135",0.477949244354087
"C16399",0.524466208133382
"C05135",0.524466208133382
"C10865",0.138432585772647
"C10787",0.509814656719065
"C06317",0.509814656719065
"C18980",0.409885049136599
"C09772",0.814672270828639
"C09772",0.682404196083275
"C03985",0.12135739439683
"C11413",0.12135739439683
"C09902",0.12135739439683
"C02344",0.12135739439683
"C17125",0.12135739439683
"C02484",0.12135739439683
"C17517",0.12135739439683
"C18017",0.12135739439683
"C20261",0.12135739439683
"C11396",0.12135739439683
"C01766",0.12135739439683
"C01411",0.12135739439683
"C11390",0.12135739439683
"C02462",0.12135739439683
"C16772",0.12135739439683
"C11416",0.12135739439683
"C01765",0.12135739439683
"C11410",0.12135739439683
"C16909",0.12135739439683
"C11952",0.12135739439683
"C17518",0.12135739439683
"C09848",0.12135739439683
"C11393",0.12135739439683
"C01500",0.12135739439683
"C11388",0.12135739439683
"C11399",0.12135739439683
"C11400",0.12135739439683
"C03039",0.12135739439683
"C11384",0.12135739439683
"C17611",0.12135739439683
"C09844",0.12135739439683
"C11389",0.12135739439683
"C17384",0.12135739439683
"C11397",0.12135739439683
"C09871",0.12135739439683
"C11411",0.12135739439683
"C00843",0.12135739439683
"C17073",0.12135739439683
"C04126",0.158706224377144
"C04122",0.158706224377144
"C01210",0.158706224377144
"C19831",0.581871717980005
"C19830",0.581871717980005
"C17367",0.581871717980005
"C01162",0.862728032641883
"C00768",0.862728032641883
"C00135",0.862728032641883
"C06419",0.862728032641883
"C10321",0.0511514234985365
"C10129",0.0511514234985365
"C06177",0.0511514234985365
"C10866",0.0511514234985365
"C06184",0.853504836058986
"C02357",0.195502379723991
"C02370",0.195502379723991
"C05568",0.201506193123951
"C03680",0.201506193123951
"C03817",0.201506193123951
"C19481",0.201506193123951
"C14090",0.109668330577194
"C14099",0.109668330577194
"C11345",0.109373799207853
"C06558",0.109373799207853
"C08501",0.666583587968871
"C08471",0.666583587968871
"C02445",0.666583587968871
"C08471",0.566277890034341
"C08501",0.566277890034341
"C02445",0.566277890034341
"C08283",0.655202694952442
"C10155",0.655202694952442
"C12535",0.655202694952442
"C08283",0.840039026029332
"C12535",0.840039026029332
"C10155",0.840039026029332
"C10155",0.815273588075706
"C08283",0.815273588075706
"C12535",0.815273588075706
"C02222",0.932296358091774
"C03453",0.932296358091774
"C03676",0.932296358091774
"C06035",0.932296358091774
"C02501",0.932296358091774
"C10600",0.166289281431081
"C03703",0.166289281431081
"C00337",0.166289281431081
"C02350",1.32324978937569e-06
"C02348",1.32324978937569e-06
"C01551",1.32324978937569e-06
"C04670",0.0888067323688283
"C05126",0.0888067323688283
"C04815",0.0888067323688283
"C02631",0.0888067323688283
"C16432",0.598723436364683
"C01109",0.598723436364683
"C01601",0.690703579107466
"C06366",0.472626440679833
"C16565",0.472626440679833
"C16565",0.617078260652616
"C06366",0.617078260652616
"C16213",0.451342637690592
"C07719",0.451342637690592
"C07726",0.451342637690592
"C14785",0.451342637690592
"C03012",0.451342637690592
"C06442",0.341026624656491
"C19929",0.341026624656491
"C00993",0.341026624656491
"C10996",0.341026624656491
"C03153",0.341026624656491
"C02728",0.439120096293723
"C17581",0.0442064020129817
"C01046",0.0442064020129817
"C01077",0.0442064020129817
"C02207",0.0442064020129817
"C03210",0.0442064020129817
"C00956",0.0442064020129817
"C19694",0.0442064020129817
"C05016",0.0442064020129817
"C06234",0.0442064020129817
"C15025",0.517634251076988
"C00318",0.517634251076988
"C08464",0.472845273981243
"C11196",0.472845273981243
"C08464",0.981563985441368
"C00478",0.228662754968481
"C03652",0.228662754968481
"C06158",0.228662754968481
"C02360",0.228662754968481
"C03827",0.228662754968481
"C11592",0.228662754968481
"C18028",0.228662754968481
"C01989",0.228662754968481
"C06474",0.228662754968481
"C16390",0.228662754968481
"C03979",0.228662754968481
"C06485",0.228662754968481
"C02991",0.228662754968481
"C01088",0.228662754968481
"C02488",0.228662754968481
"C06478",0.228662754968481
"C17209",0.228662754968481
"C06159",0.228662754968481
"C03761",0.228662754968481
"C04314",0.822882982513494
"C12088",0.822882982513494
"C10475",0.822882982513494
"C10472",0.822882982513494
"C04514",0.822882982513494
"C20269",0.822882982513494
"C10490",0.822882982513494
"C06358",0.822882982513494
"C06205",0.822882982513494
"C15419",0.822882982513494
"C04314",0.452592342417148
"C12088",0.452592342417148
"C04514",0.452592342417148
"C10475",0.452592342417148
"C20269",0.452592342417148
"C10472",0.452592342417148
"C06205",0.452592342417148
"C10490",0.452592342417148
"C06358",0.452592342417148
"C15419",0.452592342417148
"C20639",0.834823760513597
"C20651",0.834823760513597
"C05834",0.164911547038683
"C19567",0.164911547038683
"C15479",0.0597835384855817
"C10141",0.0597835384855817
"C16843",0.0597835384855817
"C10143",0.0597835384855817
"C15478",0.0597835384855817
"C17580",0.0597835384855817
"C20311",0.0597835384855817
"C05838",0.817329055891565
"C06738",0.817329055891565
"C12621",0.817329055891565
"C00811",0.817329055891565
"C10945",0.817329055891565
"C02763",0.817329055891565
"C00166",0.817329055891565
"C01772",0.817329055891565
"C07114",0.817329055891565
"C08456",0.681464999165031
"C02781",0.0751361544076154
"C01721",0.0751361544076154
"C02431",0.0751361544076154
"C02338",0.0751361544076154
"C01684",0.0751361544076154
"C01019",0.0751361544076154
"C02522",0.0751361544076154
"C07326",0.0751361544076154
"C08258",0.0751361544076154
"C00861",0.0751361544076154
"C01018",0.0751361544076154
"C00586",0.0751361544076154
"C00507",0.0751361544076154
"C08259",0.0751361544076154
"C16538",0.0751361544076154
"C02476",0.0751361544076154
"C02095",0.0751361544076154
"C08352",0.0751361544076154
"C10453",0.244590068923938
"C09858",0.244590068923938
"C09858",0.244590068923938
"C09904",0.244590068923938
"C09905",0.244590068923938
"C10453",0.244590068923938
"C19729",0.244590068923938
"C09904",0.244590068923938
"C09905",0.244590068923938
"C12303",0.244590068923938
"C19229",0.244590068923938
"C19729",0.244590068923938
"C12303",0.244590068923938
"C06578",0.244590068923938
"C10469",0.244590068923938
"C10469",0.244590068923938
"C19229",0.244590068923938
"C06578",0.244590068923938
"C10453",0.707346085412919
"C09858",0.707346085412919
"C09858",0.707346085412919
"C09904",0.707346085412919
"C09905",0.707346085412919
"C10453",0.707346085412919
"C19729",0.707346085412919
"C09904",0.707346085412919
"C09905",0.707346085412919
"C12303",0.707346085412919
"C19229",0.707346085412919
"C19729",0.707346085412919
"C12303",0.707346085412919
"C06578",0.707346085412919
"C10469",0.707346085412919
"C10469",0.707346085412919
"C19229",0.707346085412919
"C06578",0.707346085412919
"C02989",0.472501294963048
"C15999",0.472501294963048
"C15998",0.472501294963048
"C02230",0.878491077989903
"C02242",0.878491077989903
"C02057",0.32347808439175
"C20488",0.32347808439175
"C19565",0.32347808439175
"C20487",0.32347808439175
"C07527",0.32347808439175
"C18090",0.32347808439175
"C02265",0.32347808439175
"C18747",0.32347808439175
"C19578",0.32347808439175
"C00079",0.32347808439175
"C14096",0.37136467792151
"C06337",0.37136467792151
"C14100",0.37136467792151
"C01606",0.37136467792151
"C03590",0.37136467792151
"C12206",0.832358411876308
"C05607",0.832358411876308
"C02201",0.832358411876308
"C05581",0.832358411876308
"C01744",0.832358411876308
"C02363",0.832358411876308
"C11380",0.832358411876308
"C01456",0.832358411876308
"C10712",0.832358411876308
"C03080",0.832358411876308
"C11457",0.832358411876308
"C01198",0.832358411876308
"C01198",0.404609804358634
"C02201",0.404609804358634
"C11457",0.404609804358634
"C12206",0.404609804358634
"C03080",0.404609804358634
"C02363",0.404609804358634
"C01744",0.404609804358634
"C05607",0.404609804358634
"C10712",0.404609804358634
"C05581",0.404609804358634
"C11380",0.404609804358634
"C01456",0.404609804358634
"C19872",0.0199644016716292
"C09887",0.0373168048388992
"C17690",0.0373168048388992
"C09841",0.0373168048388992
"C11940",0.0373168048388992
"C03037",0.0373168048388992
"C09777",0.0373168048388992
"C17824",0.0373168048388992
"C09792",0.0373168048388992
"C14515",0.0373168048388992
"C14351",0.0373168048388992
"C18352",0.0373168048388992
"C11924",0.0373168048388992
"C09841",0.0373168048388992
"C03037",0.0373168048388992
"C11924",0.0373168048388992
"C09896",0.0373168048388992
"C11940",0.0373168048388992
"C20320",0.0373168048388992
"C20320",0.0373168048388992
"C09791",0.0373168048388992
"C09791",0.0373168048388992
"C14515",0.0373168048388992
"C18352",0.0373168048388992
"C18343",0.0373168048388992
"C09896",0.0373168048388992
"C17824",0.0373168048388992
"C09792",0.0373168048388992
"C14351",0.0373168048388992
"C18343",0.0373168048388992
"C09887",0.0373168048388992
"C17622",0.0373168048388992
"C17690",0.0373168048388992
"C09777",0.0373168048388992
"C17622",0.0373168048388992
"C09887",0.676655720814717
"C17690",0.676655720814717
"C09841",0.676655720814717
"C11940",0.676655720814717
"C03037",0.676655720814717
"C09777",0.676655720814717
"C17824",0.676655720814717
"C09792",0.676655720814717
"C14515",0.676655720814717
"C14351",0.676655720814717
"C18352",0.676655720814717
"C11924",0.676655720814717
"C09841",0.676655720814717
"C03037",0.676655720814717
"C11924",0.676655720814717
"C09896",0.676655720814717
"C11940",0.676655720814717
"C20320",0.676655720814717
"C20320",0.676655720814717
"C09791",0.676655720814717
"C09791",0.676655720814717
"C14515",0.676655720814717
"C18352",0.676655720814717
"C18343",0.676655720814717
"C09896",0.676655720814717
"C17824",0.676655720814717
"C09792",0.676655720814717
"C14351",0.676655720814717
"C18343",0.676655720814717
"C09887",0.676655720814717
"C17622",0.676655720814717
"C17690",0.676655720814717
"C09777",0.676655720814717
"C17622",0.676655720814717
"C01959",0.498851318057129
"C07441",0.342063231750165
"C04548",0.342063231750165
"C08273",0.342063231750165
"C07146",0.342063231750165
"C07832",0.342063231750165
"C01869",0.342063231750165
"C05587",0.342063231750165
"C07453",0.342063231750165
"C19582",0.342063231750165
"C10916",0.80833789319449
"C07519",0.893792655007066
"C03754",0.811662451031363
"C02527",0.811662451031363
"C00366",0.00564329492344356
"C20157",0.61429795593511
"C06459",0.640290926029632
"C13710",0.932371899154351
"C00534",0.932371899154351
"C11846",0.932371899154351
"C00848",0.674595442806713
"C11418",0.674595442806713
"C20322",0.674595442806713
"C19731",0.674595442806713
"C02108",0.674595442806713
"C11937",0.674595442806713
"C11944",0.674595442806713
"C11402",0.674595442806713
"C09785",0.674595442806713
"C09842",0.674595442806713
"C08489",0.674595442806713
"C16461",0.674595442806713
"C08498",0.674595442806713
"C08546",0.674595442806713
"C20223",0.674595442806713
"C18019",0.674595442806713
"C09836",0.674595442806713
"C20222",0.674595442806713
"C11651",0.674595442806713
"C09786",0.674595442806713
"C09804",0.674595442806713
"C11403",0.674595442806713
"C20221",0.674595442806713
"C06069",0.674595442806713
"C19083",0.674595442806713
"C11943",0.674595442806713
"C03448",0.674595442806713
"C09854",0.674595442806713
"C20323",0.674595442806713
"C11414",0.674595442806713
"C09842",0.829711768683392
"C08546",0.829711768683392
"C11943",0.829711768683392
"C08498",0.829711768683392
"C11651",0.829711768683392
"C02108",0.829711768683392
"C11402",0.829711768683392
"C20221",0.829711768683392
"C11403",0.829711768683392
"C20222",0.829711768683392
"C11937",0.829711768683392
"C19731",0.829711768683392
"C09836",0.829711768683392
"C11944",0.829711768683392
"C11418",0.829711768683392
"C09786",0.829711768683392
"C11414",0.829711768683392
"C09854",0.829711768683392
"C20322",0.829711768683392
"C06069",0.829711768683392
"C20223",0.829711768683392
"C16461",0.829711768683392
"C20323",0.829711768683392
"C19083",0.829711768683392
"C08489",0.829711768683392
"C09785",0.829711768683392
"C09804",0.829711768683392
"C18019",0.829711768683392
"C03448",0.829711768683392
"C00848",0.829711768683392
"C00506",0.820828410385194
"C03298",0.795248177549315
"C01152",0.795248177549315
"C10998",0.319126370041435
"C11016",0.319126370041435
"C19319",0.319126370041435
"C19319",0.201705915657636
"C10998",0.201705915657636
"C11016",0.201705915657636
"C17730",0.265566542527222
"C17730",0.610708489713427
"C10773",0.187373321338393
"C10163",0.187373321338393
"C10163",0.730907254256198
"C10773",0.730907254256198
"C00111",0.0591821866655996
"C19156",0.0591821866655996
"C00118",0.0591821866655996
"C00661",0.0591821866655996
"C19156",0.814474536690146
"C00661",0.814474536690146
"C00118",0.814474536690146
"C00111",0.814474536690146
"C14280",0.13332520747552
"C09790",0.864875979243956
"C17621",0.864875979243956
"C18020",0.864875979243956
"C04433",0.864875979243956
"C18066",0.864875979243956
"C18202",0.864875979243956
"C03092",0.864875979243956
"C16462",0.864875979243956
"C07276",0.864875979243956
"C19082",0.864875979243956
"C18027",0.864875979243956
"C20326",0.864875979243956
"C07203",0.361244104985912
"C10284",0.744071428321465
"C11837",0.744071428321465
"C16322",0.548811937219216
"C16322",0.415918420052198
"C19194",0.206118110649086
"C06414",0.38983594647488
"C19474",0.38983594647488
"C06325",0.38983594647488
"C14040",0.38983594647488
"C12346",0.209762690299365
"C18487",0.209762690299365
"C02710",0.79157875533773
"C10173",0.79157875533773
"C02710",0.912143038556982
"C10173",0.912143038556982
"C15476",0.270190059588162
"C04599",0.270190059588162
"C15476",0.270190059588162
"C04599",0.270190059588162
"C15476",0.0972086989905917
"C04599",0.0972086989905917
"C15476",0.0972086989905917
"C04599",0.0972086989905917
"C13008",0.963886792870435
"C02937",0.963886792870435
"C02693",0.963886792870435
"C00437",0.465802715880298
"C01047",0.465802715880298
"C17783",0.916055742596346
"C02385",0.291725975194424
"C00792",0.291725975194424
"C00062",0.291725975194424
"C20670",0.0790999597893451
"C03139",0.579019077694165
"C03230",0.956411004133612
"C06525",0.956411004133612
"C06344",0.956411004133612
"C06331",0.956411004133612
"C05634",0.956411004133612
"C01386",0.956411004133612
"C11504",0.956411004133612
"C00954",0.956411004133612
"C02298",0.956411004133612
"C00954",0.410924589079805
"C02298",0.410924589079805
"C05634",0.410924589079805
"C11504",0.410924589079805
"C01386",0.410924589079805
"C06525",0.410924589079805
"C06331",0.410924589079805
"C03230",0.410924589079805
"C06344",0.410924589079805
"C10851",0.873073455905605
"C00327",0.678194102172419
"C17249",0.292652444828134
"C00438",0.936637483822651
"C04209",0.936637483822651
"C03081",0.574996324329361
"C01173",0.574996324329361
"C09268",0.574996324329361
"C00499",0.102134571222514
"C19719",0.871724827183187
"C17203",0.0677614605676475
"C00780",0.0677614605676475
"C08265",0.45791356611109
"C08295",0.45791356611109
"C03145",0.45791356611109
"C06034",0.442827908012093
"C17576",0.442827908012093
"C16994",0.538746555521788
"C16994",0.617337515404988
"C07432",0.888604340141243
"C09991",0.888604340141243
"C16737",0.297165176090252
"C02779",0.297165176090252
"C00691",0.297165176090252
"C00204",0.297165176090252
"C05394",0.297165176090252
"C05410",0.297165176090252
"C19679",0.297165176090252
"C01216",0.297165176090252
"C06892",0.297165176090252
"C03107",0.297165176090252
"C03383",0.297165176090252
"C00273",0.297165176090252
"C01115",0.297165176090252
"C02692",0.297165176090252
"C03269",0.297165176090252
"C03926",0.297165176090252
"C17577",0.297165176090252
"C20251",0.297165176090252
"C00198",0.297165176090252
"C02669",0.297165176090252
"C01040",0.297165176090252
"C20680",0.297165176090252
"C01056",0.0217021161477419
"C20361",0.0217021161477419
"C16569",0.0217021161477419
"C03043",0.0217021161477419
"C19569",0.214851183644146
"C06332",0.214851183644146
"C01586",0.214851183644146
"C06339",0.214851183644146
"C17578",0.0224500135219027
"C02262",0.0224500135219027
"C06763",0.0224500135219027
"C12212",0.0224500135219027
"C01214",0.0224500135219027
"C00329",0.0224500135219027
"C03570",0.0224500135219027
"C08349",0.0224500135219027
"C14579",0.543543192346154
"C09642",0.543543192346154
"C18771",0.543543192346154
"C17235",0.543543192346154
"C10146",0.543543192346154
"C18887",0.543543192346154
"C07591",0.543543192346154
"C18771",0.630672452086557
"C07591",0.630672452086557
"C10146",0.630672452086557
"C18887",0.630672452086557
"C17235",0.630672452086557
"C14579",0.630672452086557
"C09642",0.630672452086557
"C09988",0.653191547004754
"C17903",0.653191547004754
"C07220",0.653191547004754
"C13747",0.250214099672979
"C07130",0.250214099672979
"C07480",0.250214099672979
"C00590",0.33305335406371
"C15475",0.33305335406371
"C20343",0.33305335406371
"C20343",0.754787042814441
"C15475",0.754787042814441
"C00590",0.754787042814441
"C12033",0.720788739323946
"C19415",0.720788739323946
"C05636",0.720788739323946
"C05638",0.720788739323946
"C03929",0.065409970023323
"C03929",0.968115984115915
"C11120",0.0139254841168315
"C08375",0.496568367723623
"C08375",0.181275267076031
"C08375",0.409918160538634
"C04650",0.808551037229167
"C05042",0.808551037229167
"C00082",0.883587414030362
"C01536",0.883587414030362
"C06420",0.883587414030362
"C03290",0.883587414030362
"C04368",0.883587414030362
"C19712",0.883587414030362
"C19579",0.883587414030362
"C17941",0.657978527327762
"C03113",0.279621315696474
"C20271",0.100714403601352
"C17825",0.100714403601352
"C10448",0.100714403601352
"C02952",0.100714403601352
"C07159",0.100714403601352
"C17822",0.100714403601352
"C19351",0.100714403601352
"C06070",0.100714403601352
"C17823",0.100714403601352
"C14113",0.981466946301432
"C12294",0.981466946301432
"C14113",0.521673043211675
"C12294",0.521673043211675
"C16286",0.896122510985598
"C11466",0.67353033072047
"C04447",0.67353033072047
"C12026",0.67353033072047
"C04773",0.67353033072047
"C00847",0.67353033072047
"C07559",0.119017602324223
"C04535",0.475476735483169
"C10765",0.475476735483169
"C06582",0.475476735483169
"C11456",0.475476735483169
"C00588",0.475476735483169
"C11588",0.475476735483169
"C05594",0.475476735483169
"C05594",0.815173893096111
"C06582",0.815173893096111
"C19245",0.815173893096111
"C11456",0.815173893096111
"C00588",0.815173893096111
"C04535",0.815173893096111
"C11588",0.815173893096111
"C10765",0.815173893096111
"C13823",0.215281837531195
"C13910",0.215281837531195
"C08571",0.215281837531195
"C12295",0.215281837531195
"C19420",0.215281837531195
"C08571",0.959713190805584
"C13823",0.959713190805584
"C12295",0.959713190805584
"C13910",0.959713190805584
"C19420",0.959713190805584
"C20673",0.15518537024107
"C10356",0.15518537024107
"C10858",0.15518537024107
"C12449",0.15518537024107
"C13672",0.52018823879067
"C19116",0.779064043458797
"C10659",0.779064043458797
"C14112",0.721302871151585
"C17620",0.754253228707984
"C11406",0.754253228707984
"C11420",0.754253228707984
"C11404",0.754253228707984
"C11417",0.754253228707984
"C20714",0.754253228707984
"C02217",0.754253228707984
"C13945",0.754253228707984
"C01215",0.848107109032186
"C20258",0.848107109032186
"C02727",0.988574003797853
"C12989",0.988574003797853
"C02155",0.988574003797853
"C03846",0.988574003797853
"C01924",0.900117223807739
"C03884",0.900117223807739
"C08302",0.831356691968269
"C08302",0.824744459879122
"C18885",0.826902076355343
"C03793",0.826902076355343
"C01037",0.826902076355343
"C18885",0.361879459911324
"C03793",0.361879459911324
"C01037",0.361879459911324
"C08296",0.136945159190415
"C20635",0.582222026557323
"C07437",0.582222026557323
"C09348",0.582222026557323
"C12345",0.582222026557323
"C02427",0.416741194851502
"C06670",0.0343662680339828
"C06674",0.957337496085437
"C06336",0.957337496085437
"C08266",0.501355833874886
"C05829",0.501355833874886
"C00666",0.534335896851451
"C00680",0.534335896851451
"C16596",0.85734177300704
"C06725",0.85734177300704
"C05635",0.85734177300704
"C17221",0.799232098896794
"C10938",0.731703356126602
"C07904",0.731703356126602
"C10935",0.731703356126602
"C03753",0.702676824529973
"C16151",0.81652400325341
"C09907",0.81652400325341
"C17875",0.831652020360712
"C17853",0.831652020360712
"C09909",0.831652020360712
"C12286",0.625500430326426
"C14698",0.625500430326426
"C12287",0.625500430326426
"C12287",0.173740594312012
"C12286",0.173740594312012
"C14698",0.173740594312012
"C19564",0.972223979033168
"C18957",0.444334328153943
"C18418",0.444334328153943
"C09640",0.444334328153943
"C07577",0.444334328153943
"C09460",0.444334328153943
"C07875",0.444334328153943
"C07481",0.34901500451138
"C07481",0.36592618071106
"C20342",0.360085237049247
"C17497",0.360085237049247
"C20342",0.382419002009357
"C17497",0.382419002009357
"C01297",0.916793213054512
"C17964",0.916793213054512
"C17002",0.138918373542655
"C16937",0.138918373542655
"C14305",0.138918373542655
"C03527",0.44722226037037
"C07723",0.479403921807329
"C16211",0.479403921807329
"C13311",0.498382374363475
"C12306",0.297957160755926
"C09837",0.297957160755926
"C08486",0.297957160755926
"C09863",0.297957160755926
"C12300",0.297957160755926
"C09861",0.297957160755926
"C11338",0.297957160755926
"C12302",0.297957160755926
"C12301",0.297957160755926
"C08486",0.318132970874165
"C09863",0.318132970874165
"C11338",0.318132970874165
"C12300",0.318132970874165
"C12306",0.318132970874165
"C09861",0.318132970874165
"C09837",0.318132970874165
"C12301",0.318132970874165
"C12302",0.318132970874165
"C19430",0.819087386999694
"C12245",0.819087386999694
"C02997",0.819087386999694
"C08511",0.757679041038923
"C20371",0.757679041038923
"C05588",0.757679041038923
"C08511",0.756522629677527
"C05588",0.756522629677527
"C20371",0.756522629677527
"C11799",0.386520993459183
"C06185",0.936036649787825
"C16825",0.825400209933067
"C12298",0.825400209933067
"C16947",0.825400209933067
"C09870",0.825400209933067
"C19109",0.431510128515577
"C06114",0.430812242134021
"C12448",0.0253558042444712
"C10411",0.0253558042444712
"C13831",0.299074105892893
"C13831",0.161299668846584
"C19496",0.618711122067033
"C06318",0.666144731617649
"C04783",0.666144731617649
"C01061",0.666144731617649
"C18314",0.666144731617649
"C05592",0.666144731617649
"C01036",0.666144731617649
"C04642",0.666144731617649
"C06537",0.0247883165283576
"C14759",0.0247883165283576
"C05824",0.640522310855034
"C07131",0.372137128169622
"C08061",0.587038233209443
"C11172",0.587038233209443
"C07491",0.587038233209443
"C18833",0.587038233209443
"C02236",0.0627753706131914
"C18084",0.167520229612317
"C00758",0.167520229612317
"C18085",0.167520229612317
"C00841",0.167520229612317
"C04067",0.261648498613249
"C08992",0.406885081496359
"C18509",0.648611054517397
"C12986",0.401807840214134
"C09921",0.516483005002098
"C00078",0.285851348017198
"C14916",0.285851348017198
"C07839",0.285851348017198
"C00525",0.285851348017198
"C10968",0.285851348017198
"C10743",0.285851348017198
"C00806",0.285851348017198
"C07642",0.304074709192371
"C00248",0.766620662435175
"C00248",0.469647820277081
"C02043",0.165770765644276
"C09961",0.165770765644276
"C10741",0.165770765644276
"C05660",0.165770765644276
"C10846",0.0162623768685094
"C18346",0.884256548170074
"C19058",0.923420826716203
"C14168",0.51294932393797
"C14425",0.51294932393797
"C18956",0.51294932393797
"C14425",0.515644656383059
"C18956",0.515644656383059
"C14168",0.515644656383059
"C19844",0.974695017055666
"C19844",0.187457467122258
"C19844",0.798600550543501
"C01718",0.708973985627056
"C00328",0.708973985627056
"C05647",0.708973985627056
"C10390",0.0671484817717176
"C17846",0.0671484817717176
"C15765",0.0671484817717176
"C16975",0.0671484817717176
"C10451",0.0671484817717176
"C17821",0.0671484817717176
"C04561",0.0671484817717176
"C10430",0.0671484817717176
"C04562",0.0671484817717176
"C04561",0.026398089241194
"C15765",0.026398089241194
"C17821",0.026398089241194
"C10390",0.026398089241194
"C17846",0.026398089241194
"C10451",0.026398089241194
"C04562",0.026398089241194
"C16975",0.026398089241194
"C10430",0.026398089241194
"C11071",0.286769812198956
"C07474",0.286769812198956
"C18619",0.286769812198956
"C14236",0.345786288115225
"C02726",0.115469023520347
"C08491",0.176219720129847
"C16317",0.176219720129847
"C02305",0.131175288577267
"C09946",0.28169538633611
"C07194",0.28169538633611
"C07207",0.828780207091302
"C07513",0.998070715661865
"C07144",0.998070715661865
"C11703",0.998070715661865
"C06546",0.998070715661865
"C07056",0.998070715661865
"C07827",0.542511977063014
"C07827",0.470110483062843
"C16836",0.744726881064468
"C16836",0.744726881064468
"C16836",0.67018611827623
"C16836",0.67018611827623
"C18206",0.202293210752393
"C18206",0.925305422045217
"C11844",0.803416758428252
"C12832",0.978766625523678
"C19268",0.113530957716077
"C01909",0.100793759196742
"C20367",0.291278850646507
"C12027",0.140569004550453
"C16959",0.726720949789771
"C16919",0.726720949789771
"C18672",0.307151906547009
"C03017",0.243190844033608
"C06721",0.0908978331533841
"C03738",0.260141113563376
"C07371",0.804865954244399
"C16831",0.804865954244399
"C00978",0.804865954244399
"C02983",0.804865954244399
"C20130",0.804865954244399
"C20700",0.25525094129705
"C20700",0.170887115062073
"C00864",0.405032297361498
"C17229",5.4411599666434e-05
"C11490",0.308613750337545
"C00643",0.259776126339311
"C01017",0.259776126339311
"C19716",0.259776126339311
"C09985",0.259776126339311
"C12958",0.0683193938014659
"C09673",0.673332573394405
"C09519",0.673332573394405
"C02587",0.0827119443118699
"C20328",0.0827119443118699
"C01132",0.0827119443118699
"C03136",0.0827119443118699
"C00140",0.0827119443118699
"C05021",0.0827119443118699
"C03878",0.0827119443118699
"C02711",0.0827119443118699
"C00645",0.0827119443118699
"C14291",0.567838084181772
"C07934",0.567838084181772
"C07934",0.53606480832536
"C14291",0.53606480832536
"C09375",0.238802263786173
"C10142",0.238802263786173
"C09375",0.847045728814493
"C10142",0.847045728814493
"C06805",0.00802613535938735
"C17214",0.909763406295174
"C17215",0.909763406295174
"C00542",0.285301990043118
"C15608",0.285301990043118
"C18646",0.285301990043118
"C18253",0.285301990043118
"C18906",0.285301990043118
"C02291",0.285301990043118
"C18507",0.285301990043118
"C13699",0.285301990043118
"C10043",0.285301990043118
"C07584",0.285301990043118
"C10405",0.285301990043118
"C00799",0.285301990043118
"C19228",0.469734520274886
"C10449",0.469734520274886
"C14175",0.469734520274886
"C10429",0.469734520274886
"C20225",0.469734520274886
"C02533",0.659634266049698
"C04223",0.659634266049698
"C18663",0.194845191426977
"C17952",0.194845191426977
"C13735",0.194845191426977
"C02099",0.122137467317257
"C01927",0.122137467317257
"C00766",0.122137467317257
"C16208",0.122137467317257
"C14232",0.122137467317257
"C14231",0.122137467317257
"C09321",0.122137467317257
"C14232",0.664870424571185
"C00766",0.664870424571185
"C01927",0.664870424571185
"C02099",0.664870424571185
"C16208",0.664870424571185
"C14231",0.664870424571185
"C09321",0.664870424571185
"C11512",0.78860604370506
"C16318",0.78860604370506
"C01760",0.78860604370506
"C04166",0.78860604370506
"C11512",0.871287614137215
"C04166",0.871287614137215
"C16318",0.871287614137215
"C01760",0.871287614137215
"C11358",0.363305871103933
"C06521",0.363305871103933
"C06183",0.363305871103933
"C06521",0.10318091658103
"C11358",0.10318091658103
"C06183",0.10318091658103
"C07999",0.220656783247506
"C12835",0.90806228838826
"C07536",0.0285837949432276
"C07422",0.0285837949432276
"C19260",0.717819788577301
"C07540",0.717819788577301
"C20514",0.296751001135366
"C04277",0.296751001135366
"C08322",0.778700486621927
"C08322",0.494885296607344
"C00881",0.421781652133474
"C10061",0.504488878518177
"C10061",0.139926797415659
"C09317",0.653969073140816
"C14285",0.653969073140816
"C19538",0.653969073140816
"C09314",0.653969073140816
"C09925",0.653969073140816
"C14393",0.653969073140816
"C03582",0.653969073140816
"C09312",0.653969073140816
"C15196",0.653969073140816
"C18564",0.736164939314416
"C16308",0.645711621041376
"C06424",0.687246204364001
"C06424",0.63543830586405
"C19338",0.410233856923692
"C19337",0.410233856923692
"C16960",0.634952654902598
"C09406",0.634952654902598
"C09387",0.634952654902598
"C17885",0.634952654902598
"C09658",0.634952654902598
"C15134",0.634952654902598
"C16988",0.634952654902598
"C17913",0.634952654902598
"C16943",0.634952654902598
"C14523",0.968799581050864
"C19143",0.968799581050864
"C02678",0.968799581050864
"C04301",0.892735556497655
"C02862",0.892735556497655
"C07434",0.582596457454822
"C18878",0.582596457454822
"C05079",0.582596457454822
"C09382",0.905457936666198
"C09384",0.905457936666198
"C09408",0.905457936666198
"C09454",0.905457936666198
"C09383",0.905457936666198
"C09484",0.905457936666198
"C09289",0.905457936666198
"C09466",0.905457936666198
"C17884",0.905457936666198
"C17488",0.905457936666198
"C09710",0.905457936666198
"C17886",0.905457936666198
"C09692",0.905457936666198
"C19347",0.0786318963833912
"C20404",0.121424874236057
"C17489",0.121424874236057
"C09409",0.121424874236057
"C17491",0.121424874236057
"C17504",0.121424874236057
"C09677",0.121424874236057
"C09739",0.121424874236057
"C09399",0.121424874236057
"C16949",0.121424874236057
"C09743",0.121424874236057
"C09712",0.121424874236057
"C20309",0.121424874236057
"C09686",0.121424874236057
"C17492",0.121424874236057
"C09350",0.121424874236057
"C17609",0.121424874236057
"C09376",0.121424874236057
"C09721",0.121424874236057
"C19678",0.121424874236057
"C16942",0.121424874236057
"C10751",0.649911724119612
"C07073",0.649911724119612
"C14268",0.651420451760204
"C14274",0.315182930648359
"C14718",0.315182930648359
"C16502",0.197810269829506
"C17604",0.197810269829506
"C16946",0.197810269829506
"C02293",0.197810269829506
"C09678",0.197810269829506
"C09627",0.197810269829506
"C09733",0.197810269829506
"C09681",0.197810269829506
"C09700",0.197810269829506
"C17493",0.197810269829506
"C20128",0.10960277413505
"C20128",0.462019284707874
"C19114",0.686698082755032
"C17110",0.20748007456677
"C17108",0.20748007456677
"C17105",0.20748007456677
"C20199",0.616882877708927
"C16873",0.0487254597850795
"C06123",0.0487254597850795
"C20409",0.743901514759363
"C18745",0.147526676529885
"C01420",0.458174558542053
"C00491",0.458174558542053
"C11337",0.971665817245338
"C07906",0.971665817245338
"C01262",0.955309240403107
"C00884",0.955309240403107
"C04138",0.955309240403107
"C07807",0.447289629846557
"C17676",0.522049734537046
"C17676",0.275252263639693
"C04299",0.791211717731632
"C16848",0.791211717731632
"C04111",0.426478571273217
"C18397",0.405925155024768
"C02961",0.844451878010721
"C00475",0.844451878010721
"C05711",0.844451878010721
"C00120",0.520587647507901
"C19231",0.316460047648212
"C07522",0.316460047648212
"C11847",0.316460047648212
"C10455",0.354537874935169
"C19036",0.0800112023629023
"C09534",0.0809161455192697
"C20400",0.0809161455192697
"C09440",0.0809161455192697
"C09507",0.0809161455192697
"C07609",0.0809161455192697
"C09345",0.0809161455192697
"C09687",0.0809161455192697
"C17887",0.0809161455192697
"C09556",0.0809161455192697
"C09301",0.0809161455192697
"C09537",0.0809161455192697
"C09626",0.0809161455192697
"C09660",0.0809161455192697
"C09544",0.0809161455192697
"C02771",0.0809161455192697
"C13455",0.0809161455192697
"C09562",0.0809161455192697
"C09488",0.0809161455192697
"C09386",0.0809161455192697
"C09378",0.0809161455192697
"C09301",0.864789698440925
"C09534",0.864789698440925
"C07609",0.864789698440925
"C20400",0.864789698440925
"C09687",0.864789698440925
"C02771",0.864789698440925
"C09626",0.864789698440925
"C09537",0.864789698440925
"C09440",0.864789698440925
"C09488",0.864789698440925
"C09507",0.864789698440925
"C09544",0.864789698440925
"C09556",0.864789698440925
"C09345",0.864789698440925
"C13455",0.864789698440925
"C09378",0.864789698440925
"C09386",0.864789698440925
"C17887",0.864789698440925
"C09660",0.864789698440925
"C09562",0.864789698440925
"C03347",0.895965846600295
"C09571",0.664942825219515
"C17463",0.664942825219515
"C14216",0.459323521263572
"C16765",0.0491391799913283
"C14469",0.168322704380843
"C14468",0.168322704380843
"C14468",0.624843609129803
"C14469",0.624843609129803
"C16503",0.605615494921318
"C16795",0.0168591917962653
"C16795",0.845672242466543
"C18458",0.787077652498807
"C08275",0.644032091272309
"C08644",0.959908986389576
"C10315",0.959908986389576
"C10402",0.959908986389576
"C10208",0.959908986389576
"C10291",0.959908986389576
"C10121",0.959908986389576
"C10028",0.959908986389576
"C10329",0.959908986389576
"C14344",0.959908986389576
"C12123",0.959908986389576
"C10327",0.959908986389576
"C05844",0.959908986389576
"C10200",0.959908986389576
"C16582",0.79554871356019
"C16584",0.79554871356019
"C18579",0.287350201956198
"C08362",0.554685023407859
"C08362",0.327921552060349
"C11032",0.94943467780992
"C07971",0.453662079625861
"C20021",0.972937719405004
"C00249",0.682010529005364
"C16744",0.317863685987889
"C05131",0.317863685987889
"C19031",0.297089815770931
"C01283",0.00111772447874686
"C12214",0.00111772447874686
"C03783",0.00111772447874686
"C06156",0.00111772447874686
"C06377",0.00111772447874686
"C12213",0.00111772447874686
"C00352",0.00111772447874686
"C18135",0.650938244167473
"C17744",0.650938244167473
"C09695",0.650938244167473
"C07927",0.0976439164117705
"C08334",0.0756486208837649
"C08332",0.0756486208837649
"C10607",0.0756486208837649
"C19553",0.17005995185534
"C10626",0.215648701778772
"C15462",0.215648701778772
"C10853",0.215648701778772
"C10853",0.594652645164651
"C15462",0.594652645164651
"C10626",0.594652645164651
"C14245",0.0358714110080544
"C17967",0.809901597052984
"C20399",0.0114283424788467
"C09506",0.0114283424788467
"C09291",0.0114283424788467
"C09453",0.0114283424788467
"C09530",0.0114283424788467
"C09531",0.0114283424788467
"C09688",0.0114283424788467
"C06082",0.0114283424788467
"C09481",0.0114283424788467
"C09456",0.0114283424788467
"C09355",0.0114283424788467
"C09683",0.0114283424788467
"C09304",0.0114283424788467
"C09349",0.0114283424788467
"C09381",0.0114283424788467
"C09542",0.0114283424788467
"C20402",0.0114283424788467
"C09470",0.0114283424788467
"C11060",0.0114283424788467
"C09540",0.0114283424788467
"C09708",0.0114283424788467
"C09574",0.0114283424788467
"C09498",0.0114283424788467
"C09600",0.0114283424788467
"C10766",0.0114283424788467
"C09657",0.920643139852577
"C17747",0.920643139852577
"C09657",0.900257115336271
"C17747",0.900257115336271
"C16344",0.0442113838933687
"C00378",0.752963680440524
"C06930",0.611989414730655
"C06943",0.611989414730655
"C10137",0.259841918756503
"C11077",0.259841918756503
"C12100",0.522457506236374
"C16536",0.522457506236374
"C19766",0.203056884007719
"C19614",0.252000322474136
"C16995",0.209635479023066
"C20185",0.471753431982903
"C11894",0.471753431982903
"C18224",0.471753431982903
"C18226",0.471753431982903
"C18223",0.471753431982903
"C11879",0.471753431982903
"C11878",0.471753431982903
"C18211",0.471753431982903
"C11891",0.471753431982903
"C09140",0.471753431982903
"C06090",0.471753431982903
"C18225",0.471753431982903
"C11880",0.471753431982903
"C19816",0.471753431982903
"C20145",0.471753431982903
"C11881",0.471753431982903
"C11877",0.471753431982903
"C01414",0.471753431982903
"C11892",0.471753431982903
"C06086",0.471753431982903
"C18229",0.471753431982903
"C20711",0.471753431982903
"C11893",0.471753431982903
"C19810",0.471753431982903
"C19814",0.471753431982903
"C18228",0.471753431982903
"C18931",0.735638686374257
"C05283",0.502036908005957
"C18048",0.502036908005957
"C04732",0.00589522368751676
"C10494",0.733367001496775
"C20000",0.733367001496775
"C09623",0.733367001496775
"C17506",0.733367001496775
"C10494",0.42155404285011
"C20000",0.42155404285011
"C17506",0.42155404285011
"C09623",0.42155404285011
"C09623",0.694560663376088
"C20000",0.694560663376088
"C17506",0.694560663376088
"C10494",0.694560663376088
"C16558",0.625964627319768
"C16551",0.625964627319768
"C06933",0.625964627319768
"C03343",0.393550118195193
"C14214",0.393550118195193
"C15205",0.393550118195193
"C08315",0.0122180601391495
"C06426",0.0122180601391495
"C08364",0.0122180601391495
"C15201",0.0122180601391495
"C06427",0.0122180601391495
"C07289",0.0122180601391495
"C19417",0.297305931342416
"C17748",0.297305931342416
"C08321",0.00026438773217999
"C08282",0.00026438773217999
"C01595",0.00026438773217999
"C04056",0.00026438773217999
"C08459",0.00026438773217999
"C02494",0.680900588555122
"C05031",0.680900588555122
"C18786",0.759548547863606
"C19670",0.759548547863606
"C08722",0.612226446591479
"C10522",0.612226446591479
"C16508",0.0946743127910603
"C01712",1.49423441575677e-05
"C08363",1.49423441575677e-05
"C08367",1.49423441575677e-05
"C00712",1.49423441575677e-05
"C12103",1.49423441575677e-05
"C08233",0.155272383014637
"C14445",0.270733862201421
"C14854",0.682927787932199
"C18280",0.682927787932199
"C18278",0.682927787932199
"C18279",0.682927787932199
"C13946",0.672287273773273
"C14996",0.672287273773273
"C13792",0.672287273773273
"C11819",0.130605579447079
"C19076",0.130605579447079
"C10610",0.130605579447079
"C19015",0.130605579447079
"C11697",0.130605579447079
"C14987",0.433439260874007
"C19615",0.433439260874007
"C18220",0.657287371794273
"C18222",0.657287371794273
"C19962",0.657287371794273
"C00899",0.657287371794273
"C17276",0.657287371794273
"C11887",0.657287371794273
"C16682",0.657287371794273
"C11873",0.657287371794273
"C11886",0.657287371794273
"C11885",0.657287371794273
"C00473",0.657287371794273
"C20148",0.657287371794273
"C09092",0.657287371794273
"C17365",0.734465517536839
"C02838",0.0709982105199208
"C03822",0.441774929861826
"C14043",0.304515924032347
"C07646",0.0589018009309172
"C16557",0.0589018009309172
"C09741",0.979870584491007
"C10459",0.979870584491007
"C09570",0.986150522205104
"C13798",0.443607074261486
"C19613",0.443607074261486
"C16326",0.443607074261486
"C16346",0.443607074261486
"C16342",0.443607074261486
"C14766",0.443607074261486
"C04594",0.443607074261486
"C19827",0.443607074261486
"C04780",0.443607074261486
"C14765",0.443607074261486
"C16316",0.443607074261486
"C06980",0.282793962878048
"C09899",0.282793962878048
"C09747",0.932514129848823
"C14537",0.932514129848823
"C14762",0.0214437831302855
"C14825",0.0214437831302855
"C19617",0.0214437831302855
"C14767",0.0214437831302855
"C08318",0.0214437831302855
"C14826",0.0214437831302855
"C08368",0.0214437831302855
"C14762",0.0388895969562446
"C14825",0.0388895969562446
"C14767",0.0388895969562446
"C19617",0.0388895969562446
"C08318",0.0388895969562446
"C08368",0.0388895969562446
"C14826",0.0388895969562446
"C18757",0.581775100650225
"C11030",0.581775100650225
"C19616",0.22470451294742
"C13791",0.22470451294742
"C00869",0.22470451294742
"C19418",0.22470451294742
"C08365",0.22470451294742
"C07125",0.774955848855286
"C11566",0.774955848855286
"C15263",0.854039864246717
"C18196",0.854039864246717
"C09188",0.854039864246717
"C14925",0.854039864246717
"C14652",0.854039864246717
"C15353",0.854039864246717
"C07058",0.854039864246717
"C15493",0.854039864246717
"C15307",0.854039864246717
"C16683",0.854039864246717
"C14489",0.854039864246717
"C20429",0.854039864246717
"C20428",0.854039864246717
"C12078",0.854039864246717
"C14684",0.854039864246717
"C18195",0.854039864246717
"C00777",0.854039864246717
"C18593",0.0824517817331131
"C06967",0.183477821009894
"C00836",0.502366010771444
"C14431",0.143602363884999
"C07785",0.00153167307464528
"C20149",0.843037321228915
"C15460",0.843037321228915
"C09159",0.843037321228915
"C14890",0.843037321228915
"C14255",0.843037321228915
"C14490",0.843037321228915
"C15412",0.843037321228915
"C11888",0.843037321228915
"C15318",0.843037321228915
"C15036",0.843037321228915
"C09148",0.843037321228915
"C07198",0.843037321228915
"C06428",0.843037321228915
"C15017",0.843037321228915
"C15070",0.843037321228915
"C20208",0.843037321228915
"C06087",0.843037321228915
"C15259",0.843037321228915
"C12083",0.843037321228915
"C11889",0.843037321228915
"C09118",0.843037321228915
"C15003",0.843037321228915
"C15184",0.843037321228915
"C12077",0.843037321228915
"C15008",0.843037321228915
"C14588",0.843037321228915
"C15188",0.843037321228915
"C11874",0.843037321228915
"C12862",0.340416383263169
"C14886",0.223057321914274
"C15169",0.223057321914274
"C15281",0.285001182414219
"C19950",0.285001182414219
"C03242",0.841477200551645
"C14882",0.841477200551645
"C09072",0.841477200551645
"C13273",0.841477200551645
"C15058",0.841477200551645
"C16522",0.841477200551645
"C15376",0.841477200551645
"C15399",0.841477200551645
"C14882",0.270542628557123
"C15399",0.270542628557123
"C15376",0.270542628557123
"C16522",0.270542628557123
"C09072",0.270542628557123
"C03242",0.270542628557123
"C15058",0.270542628557123
"C13273",0.270542628557123
"C16488",0.657264517518152
"C16525",0.9369701860247
"C09183",0.9369701860247
"C07915",0.96431471682244
"C09136",0.803028340191407
"C10283",0.803028340191407
"C14935",0.803028340191407
"C14211",0.803028340191407
"C14836",0.0863397683215981
"C14832",0.0863397683215981
"C07354",0.0863397683215981
"C19618",0.0863397683215981
"C04717",0.0863397683215981
"C14834",0.0863397683215981
"C20703",0.0863397683215981
"C14827",0.0863397683215981
"C14831",0.0863397683215981
"C19937",0.0863397683215981
"C07338",0.0863397683215981
"C20186",0.0863397683215981
"C01607",0.868814057067994
"C06425",0.868814057067994
"C10167",0.25307793753227
"C14670",0.935790869335221
"C18015",0.935790869335221
"C16678",0.935790869335221
"C14930",0.935790869335221
"C14999",0.935790869335221
"C15228",0.935790869335221
"C09119",0.935790869335221
"C09194",0.935790869335221
"C14661",1.11270941334307e-09
"C07578",1.11270941334307e-09
"C15342",1.11270941334307e-09
"C00410",1.11270941334307e-09
"C06392",1.11270941334307e-09
"C15468",1.11270941334307e-09
"C15158",1.11270941334307e-09
"C15402",1.11270941334307e-09
"C15260",1.11270941334307e-09
"C06972",1.11270941334307e-09
"C08998",1.11270941334307e-09
"C14829",0.00601570532249772
"C19620",0.00601570532249772
"C20702",0.00601570532249772
"C07355",0.00601570532249772
"C14828",0.00601570532249772
"C03299",0.0779784632137178
"C19004",0.803069888971154
"C14475",9.04650545129846e-11
"C15108",9.04650545129846e-11
"C15339",9.04650545129846e-11
"C10839",9.04650545129846e-11
"C15199",9.04650545129846e-11
"C05479",9.04650545129846e-11
"C03681",9.04650545129846e-11
"C15334",9.04650545129846e-11
"C04042",9.04650545129846e-11
"C15012",9.04650545129846e-11
"C20219",9.04650545129846e-11
"C15156",9.04650545129846e-11
"C01953",9.04650545129846e-11
"C14962",9.04650545129846e-11
"C13859",0.193987436068949
"C19048",0.277496764846678
"C11063",0.277496764846678
"C15502",0.517514728398654
"C15500",0.517514728398654
"C20351",0.357323765653929
"C18907",0.861355525937224
"C18699",0.219033957753626
"C09878",0.219033957753626
"C20792",0.0778608523623087
"C14794",0.540775721729072
"C20235",0.889630883097501
"C09643",0.0433148532961637
"C17899",0.0433148532961637
"C10852",0.0433148532961637
"C02105",0.0433148532961637
"C12328",0.0433148532961637
"C05178",0.0433148532961637
"C05220",0.0433148532961637
"C14529",0.712648427202452
"C14162",0.712648427202452
"C09069",0.712648427202452
"C20632",0.712648427202452
"C16513",0.869105224667373
"C13364",0.869105224667373
"C15413",0.869105224667373
"C16184",0.869105224667373
"C11896",0.869105224667373
"C15421",0.869105224667373
"C18386",0.105919810894003
"C05958",0.518787440719044
"C05955",0.518787440719044
"C14913",0.518787440719044
"C11876",0.518787440719044
"C18173",0.518787440719044
"C05957",0.518787440719044
"C09150",0.518787440719044
"C15159",0.518787440719044
"C09125",0.518787440719044
"C14504",0.518787440719044
"C05953",0.518787440719044
"C05949",0.518787440719044
"C05954",0.518787440719044
"C14815",0.518787440719044
"C01031",0.100091993097311
"C09575",0.100091993097311
"C10529",0.81556249784458
"C10523",0.81556249784458
"C03032",0.599229037159061
"C14977",0.200264960997645
"C14680",0.200264960997645
"C09526",0.496670539954656
"C14775",0.967595075327754
"C09205",0.967595075327754
"C06088",0.967595075327754
"C14774",0.967595075327754
"C14772",0.967595075327754
"C14773",0.967595075327754
"C19426",0.413687792400834
"C19427",0.0683026130348062
"C05229",0.0832288964605325
"C18164",0.0832288964605325
"C11719",0.896546598689296
"C09133",0.00414048974001666
"C02942",0.00414048974001666
"C02140",0.00414048974001666
"C06391",0.00414048974001666
"C05497",0.00414048974001666
"C15015",0.00414048974001666
"C15304",0.00414048974001666
"C05477",0.00414048974001666
"C15365",0.00414048974001666
"C05488",0.00414048974001666
"C15363",0.00414048974001666
"C10573",0.00414048974001666
"C15002",0.00414048974001666
"C01367",0.542680586024588
"C19970",0.542680586024588
"C00946",0.542680586024588
"C00020",0.542680586024588
"C00362",0.542680586024588
"C04378",0.542680586024588
"C11274",0.459384492904924
"C14322",0.459384492904924
"C08126",0.268956221879326
"C17404",0.268956221879326
"C19590",0.365653212315624
"C13478",0.521800227683741
"C11035",0.187893576352304
"C16921",0.801387198553914
"C12280",0.787071831556849
"C11068",0.817949999152916
"C16185",0.574905567960456
"C17751",0.680531081189662
"C09558",0.59090441828458
"C07251",0.59090441828458
"C08554",0.692337464252411
"C10723",0.00938903298378046
"C00762",0.00938903298378046
"C07369",0.00938903298378046
"C01780",0.00938903298378046
"C18039",0.00938903298378046
"C09846",0.00938903298378046
"C00735",0.840260598900056
"C05469",0.840260598900056
"C01124",0.840260598900056
"C05473",0.840260598900056
"C10695",0.840260598900056
"C08837",0.840260598900056
"C15034",0.840260598900056
"C03588",0.840260598900056
"C18989",0.87529886471402
"C18394",0.87529886471402
"C09039",0.71132909403762
"C17557",0.71132909403762
"C13674",0.637235308706628
"C14240",0.997369953221765
"C19625",0.997369953221765
"C13652",0.337803566687964
"C12679",0.337803566687964
"C18807",0.273602388196413
"C09459",0.273602388196413
"C16707",0.273602388196413
"C19010",0.52193193519293
"C06124",0.517222269863013
"C07177",0.732406896493246
"C10546",0.810099155367675
"C12420",0.810099155367675
"C15357",0.222745621860125
"C05107",0.222745621860125
"C13109",0.623926800810477
"C10565",0.0166981693955199
"C08082",0.801192734975676
"C11125",0.801192734975676
"C10547",0.96348280723448
"C10561",0.96348280723448
"C18583",0.351071857903172
"C07127",0.687708459892743
"C07783",0.14057534524649
"C07780",0.14057534524649
"C06165",0.474864800541084
"C14638",0.804197316192165
"C08001",0.97958626230522
"C14446",0.608390377382105
"C19438",0.0399069583685935
"C19438",0.832953488530351
"C05103",0.213485257856012
"C15777",0.213485257856012
"C18192",0.213485257856012
"C08813",0.213485257856012
"C15785",0.213485257856012
"C06957",0.213485257856012
"C04453",0.213485257856012
"C04525",0.213485257856012
"C15781",0.213485257856012
"C02990",0.404328429405005
"C17845",0.728530941994807
"C10557",0.728530941994807
"C03199",0.216231470244039
"C05455",0.131963425160197
"C15632",0.131963425160197
"C19662",0.131963425160197
"C01561",0.131963425160197
"C20143",0.131963425160197
"C05502",0.18277014519653
"C05500",0.18277014519653
"C15882",0.18277014519653
"C05418",0.18277014519653
"C15992",0.18277014519653
"C13550",0.18277014519653
"C15610",0.18277014519653
"C15519",0.18277014519653
"C03594",0.18277014519653
"C05451",0.18277014519653
"C14151",0.18277014519653
"C14922",0.762126779733362
"C11073",0.276063911483172
"C11793",0.565259921894409
"C01344",0.377286888794512
"C08211",0.407392211205932
"C05108",0.691126656079513
"C08840",0.691126656079513
"C08817",0.691126656079513
"C08836",0.691126656079513
"C05442",0.691126656079513
"C11522",0.691126656079513
"C15776",0.691126656079513
"C08821",0.691126656079513
"C15782",0.691126656079513
"C18193",0.691126656079513
"C15382",0.471023272166768
"C10658",0.471023272166768
"C15440",0.471023272166768
"C12512",0.471023272166768
"C15796",0.000288030450688812
"C04416",0.000288030450688812
"C15221",0.76535263986105
"C15221",0.244849050597568
"C09038",0.868940238531368
"C07469",0.868940238531368
"C16498",0.283361900929615
"C08902",0.283361900929615
"C17891",0.283361900929615
"C08891",0.283361900929615
"C04715",0.283361900929615
"C08909",0.283361900929615
"C17337",0.283361900929615
"C17996",0.872271340887126
"C07777",0.920283245003745
"C16494",0.813471729006332
"C17335",0.813471729006332
"C17003",0.813471729006332
"C18231",0.813471729006332
"C08899",0.813471729006332
"C01060",0.275437075601258
"C10365",0.617021210788927
"C04554",0.622247094088131
"C01301",0.622247094088131
"C17394",0.0594104751736
"C17422",0.0594104751736
"C19943",0.0594104751736
"C08631",0.557521041097636
"C04840",0.557521041097636
"C14578",0.899862594307923
"C15792",0.899862594307923
"C14505",0.899862594307923
"C14158",0.899862594307923
"C14158",0.0721175125676883
"C14578",0.0721175125676883
"C14505",0.0721175125676883
"C15792",0.0721175125676883
"C05691",0.257245909952745
"C16495",0.703920385138386
"C08890",0.703920385138386
"C08896",0.703920385138386
"C05464",0.507844747753326
"C05466",0.507844747753326
"C19069",0.789980827488302
"C12333",0.474201711326134
"C06839",0.166511888862653
"C01155",0.577719672258481
"C01156",0.577719672258481
"C10533",0.239457245775776
"C10187",0.239457245775776
"C10104",0.239457245775776
"C05990",0.239457245775776
"C17762",0.239457245775776
"C12141",0.20449382092298
"C08422",0.504821368925796
"C18581",0.905285427568031
"C03640",0.352721166269008
"C18043",0.443369319798461
"C08007",0.182630519709895
"C02283",0.00723620157518145
"C03930",0.00723620157518145
"C08950",0.00723620157518145
"C17162",0.660533040493219
"C08789",0.0178102877525765
"C08634",0.0178102877525765
"C17419",0.0178102877525765
"C12276",0.620950528409888
"C13903",0.108918241858931
"C00131",0.780573372943821
"C11991",0.121851886333698
"C09211",0.781533240135377
"C09758",0.610317373437606
"C16764",0.610317373437606
"C12320",0.0596976144591705
"C12319",0.0596976144591705
"C12321",0.58469426946525
"C12322",0.58469426946525
"C10231",0.43737356932313
"C10209",0.43737356932313
"C01863",0.43737356932313
"C08859",0.674305537082686
"C13864",0.134470275376098
"C06940",0.984280138388887
"C08738",0.966206707671784
"C20596",0.759001872740775
"C08599",0.630790071107999
"C16270",0.630790071107999
"C08601",0.630790071107999
"C06098",0.630790071107999
"C15933",0.630790071107999
"C20601",0.418282698295724
"C08793",0.0389150804277448
"C17866",0.042184079617031
"C08928",0.0513223669114375
"C05913",0.327964907688179
"C00486",0.327964907688179
"C11630",0.327964907688179
"C05789",0.0670236909900362
"C09127",0.716789236523979
"C12667",0.447214312956782
"C08964",0.305690787931264
"C19763",0.635760962939691
"C13494",0.137737441735338
"C15661",0.748989959098549
"C09998",0.186910359842184
"C05809",0.061194592220711
"C05813",0.061194592220711
"C06787",0.130834488959502
"C06633",0.24747619356048
"C13722",0.649776294732026
"C13744",0.51733967184822
"C04638",0.750342566460705
"C02739",0.642731624798752
"C13894",0.105256832517869
"C01968",0.885551605233324
"C15660",0.0257084372644497
"C07201",0.397855648451457
"C09218",0.397855648451457
"C12796",0.44592215897863
"C05778",0.963569346217855
"C12047",0.035856890708872
"C01457",0.508203138056756
"C11541",0.326466504952584
"C11502",0.857476432837573
"C16332",0.0431707860324329
"C12051",0.01101460406036
